{"cameraMode":{"drawMode":0,"name":"Shaded","section":"Shading Mode"},"sceneLighting":true,"audioPlay":false,"sceneViewState":{"m_AlwaysRefresh":false,"showFog":true,"showSkybox":true,"showFlares":true,"showImageEffects":true,"showParticleSystems":true,"showVisualEffectGraphs":true,"m_FxEnabled":true},"in2DMode":false,"pivot":{"x":83.87248229980469,"y":30.18271827697754,"z":-60.566932678222659},"rotation":{"x":0.25179898738861086,"y":-0.4531761705875397,"z":0.13514195382595063,"w":0.8444061875343323},"size":20.441143035888673,"orthographic":false}